date,url,title,description,cover,target
"September 2nd, 2015",YJN58VCO8EP,Orla Alexander,Ap #438-8022 Justo St.,40823,"62.88159, 95.21295"
"June 15th, 2015",ZVR73ZHK1CT,Bo Norton,460-8416 Vehicula. Rd.,5334,"30.74832, 75.92233"
"June 11th, 2016",WYE80WJG5LA,Ella Vincent,354-8988 Ipsum Rd.,18571,"-52.0222, 28.77134"
"October 19th, 2015",MVG11NUY2AN,Hayfa Carter,6749 Imperdiet Avenue,9346,"63.64979, 102.43844"
"January 18th, 2016",RVU25VYZ3FA,Jael Davidson,"P.O. Box 315, 3767 Duis St.",11698,"-46.1151, -145.52203"
"July 27th, 2016",DWC39XTK9VY,Flavia Small,"P.O. Box 411, 9464 Erat. St.",12511-447,"29.36136, 148.31873"
"September 17th, 2015",WXT26FTF8HC,Francesca Rogers,8564 Duis Road,73493,"-27.0028, -166.37126"
"December 13th, 2016",JRU03BLA8WG,Ursa Pena,Ap #257-8699 Suspendisse St.,2618,"-73.2596, -56.83072"
"February 10th, 2017",CEH24FUZ1CK,India Ratliff,Ap #146-627 Nec Road,20005,"-28.33502, 33.11515"
"January 11th, 2016",EHP75LEK2NW,Martena Wallace,763-2794 Donec Road,9044,"21.62859, 134.86205"
"September 4th, 2015",ZRH74OSM5ZO,Kelsie Bradshaw,7332 Phasellus Street,74304,"-51.26886, -12.13355"
"October 29th, 2015",DJY59KUY8UX,Claire Ruiz,"745-5876 Eu, Rd.",62762,"38.75672, 87.97819"
"October 10th, 2016",OWZ01LKP6BL,Adena Emerson,4306 Elit Street,9584,"-62.65849, -93.58348"
"April 8th, 2015",NXX23DHP9KZ,MacKenzie Lowe,"P.O. Box 449, 3589 Quisque Rd.",55854-042,"89.22653, 156.94711"
"July 14th, 2015",WPB08BUO1JQ,Nola Riley,434-9734 Mauris Rd.,882726,"-21.09085, -78.77035"
"April 18th, 2015",RZS34PUY1IZ,Eugenia Kramer,786-8434 Ligula St.,41602,"-0.30304, -56.22067"
"February 10th, 2017",OKU65BJL9XY,Aspen Richmond,"P.O. Box 499, 8079 Nibh. Street",42-215,"30.42534, -140.27883"
"January 16th, 2016",MVR16XRS3BB,Justina Hess,703 Nisi St.,933211,"74.42369, -2.87675"
"May 19th, 2015",YLC32NRA4YQ,Faith Moon,"P.O. Box 678, 5960 Duis Street",0274QJ,"10.73665, 103.74579"
"March 25th, 2016",QNL83PZD8PN,Olivia Patrick,Ap #437-9755 Lobortis Ave,02013-596,"-45.67076, 126.29239"
"July 6th, 2016",XBS41SRB7AF,Fallon Diaz,"Ap #486-898 Elit, Ave",52026,"-73.56434, 22.24057"
"September 29th, 2016",QEU54WAT0UZ,Quon Stevenson,"1355 Nec, Av.",1193,"11.13633, -66.30381"
"September 16th, 2015",LOA58PNO1QA,Serina Snow,"P.O. Box 154, 9542 Risus Road",49796,"82.30016, 90.33246"
"February 18th, 2017",AMP39YPO1SU,Rana Herman,Ap #823-3341 Eget Street,9871,"-21.78981, 43.21755"
"October 5th, 2015",JMM58WPT9UB,Kelsie Ingram,"491-9734 Facilisis, Av.",05-106,"28.58394, 138.54248"
"August 14th, 2016",OGC91ACA1AW,Charde Cotton,972-8857 Nonummy Ave,04701,"-62.05647, -36.47178"
"February 17th, 2017",GTJ82UZM3SO,Mikayla Jennings,939-9195 Nonummy Avenue,48-668,"6.46955, -74.55386"
"January 4th, 2017",DRT93EBN9JE,Charissa Calderon,9237 Ligula. Rd.,84-706,"13.4976, 129.4501"
"September 19th, 2016",RHE77OTJ9NA,Violet Vazquez,Ap #482-1658 Vitae Avenue,30729,"-52.64214, -17.21547"
"March 13th, 2017",LWU52OLV7BJ,Nyssa Willis,3223 Pede Rd.,23792,"-63.56199, 20.74812"
"February 12th, 2017",KHA11WWP8JV,Zoe Maldonado,639-3989 Pede Av.,7196PL,"37.85003, 124.19874"
"August 26th, 2016",SLY43QOL5PY,Neve Bright,852-521 Risus. Avenue,07-062,"-35.19561, -79.77959"
"October 5th, 2016",DFX33VSN1EH,Rhonda Bullock,"5031 Laoreet, Street",7703,"-40.20897, -86.6219"
"August 19th, 2016",HOG58KUK9LY,Calista Ayers,701-9303 Dui. Rd.,05624,"61.97437, -27.80638"
"September 17th, 2015",DYA87SYM5BI,Hedda Silva,3649 Adipiscing. Ave,71912,"-64.8996, -124.69818"
"May 23rd, 2015",RMF85HYT8GS,Ivana Webster,833-1508 Dis St.,73494,"75.97151, -165.28206"
"November 13th, 2015",SXF70FRS8JC,Paula Gibbs,"P.O. Box 912, 1206 Ultricies Ave",48154,"-65.62398, -154.3077"
"October 27th, 2016",KCD06XJV8ZV,Florence Chase,310-1652 Egestas. Rd.,07846,"-47.49485, 173.78842"
"June 19th, 2016",VTY06OUO7KB,Gay Porter,Ap #297-2426 Maecenas Avenue,70406,"-16.1878, -58.73443"
"November 3rd, 2015",EYR91WNY4CN,Yvette Mercer,Ap #657-6392 Vitae Rd.,2116,"6.64215, -50.31997"
"March 28th, 2016",FHJ57ILM9PG,Xyla Patterson,"P.O. Box 970, 7328 Nullam Rd.",1076,"44.23069, 11.5421"
"November 9th, 2016",NZC47LHW1OQ,Emily Johnston,2975 Malesuada St.,71905,"-26.01786, -151.45535"
"September 17th, 2016",JXU33VTV7WQ,Blair Rosales,"P.O. Box 346, 7878 Dolor. St.",40-449,"-30.27765, 160.34439"
"April 23rd, 2015",PVE15CIG6EL,Piper Nicholson,Ap #521-3468 Mi Avenue,43203,"-71.36052, 86.4624"
"October 29th, 2015",WII37EFN8IL,Phoebe Key,"P.O. Box 536, 7519 Justo St.",720276,"50.26094, 1.66875"
"March 28th, 2016",ALW25OHZ0WQ,Ciara Swanson,4500 Quisque Street,9362,"-27.43752, 11.07065"
"October 12th, 2015",MPO54HIE8IH,Patricia Warren,"P.O. Box 866, 2822 Metus Ave",23210,"81.45544, -31.93428"
"December 26th, 2015",CZE29DEB9PL,Latifah Hamilton,Ap #930-5439 Nulla Ave,2074,"-89.20593, -130.25198"
"June 9th, 2015",ZSX99EKV7HT,Sandra Carrillo,710-1671 Ullamcorper Road,31855,"75.12264, 144.31888"
"January 5th, 2017",ATP23DYV8ZJ,Zenaida Medina,"352-2665 Elit, Street",631901,"16.98078, -53.7542"
"July 22nd, 2015",LOO73NTB5GU,Maisie Ramos,Ap #214-5850 Fringilla. Rd.,79492,"0.85586, 138.3318"
"September 11th, 2016",BLI76TMR1EX,Kay Bright,9790 Volutpat Av.,5355,"-79.33443, -19.71043"
"November 24th, 2015",GXD63OTB0AT,Cally Carr,"P.O. Box 980, 3148 Semper Rd.",30262,"70.06119, -160.4181"
"September 30th, 2016",SXN08KMW4MW,Geraldine Gonzales,Ap #348-8323 Donec Ave,44788,"26.4527, -101.27379"
"January 17th, 2016",FMG58PSN5AO,Jaden Mccarty,Ap #938-9461 Eu St.,597145,"-48.84239, 148.4301"
"December 4th, 2016",HMR64MYS6UC,Fatima Jennings,5691 Arcu Avenue,4722QP,"-60.27297, -13.17034"
"January 27th, 2017",BJK53GJX8TR,Denise Casey,4320 Feugiat Rd.,16124,"-48.47722, -35.77573"
"January 30th, 2016",HJV23BDI9MJ,Alexandra Emerson,860-3484 Aliquet. Av.,9385TP,"-9.82577, -169.86536"
"July 4th, 2016",LNW98AWF0BP,Lee Boyle,335-5327 Nunc Av.,8488,"-51.43367, -13.49375"
"December 26th, 2016",WDH08VIU2JH,Jane Abbott,Ap #447-7256 Dui. Road,6682,"55.78348, -5.15945"
"December 16th, 2016",IFW34MHA2HX,Melissa Howard,Ap #567-1638 Augue. Rd.,7745,"-57.48462, -57.23097"
"September 30th, 2015",MFH50STT8DL,Portia Caldwell,3500 Non St.,22-705,"-11.17535, -100.00936"
"May 29th, 2015",XXG57PEG5LH,Lydia Stuart,121-960 Nulla. Av.,27707,"15.95502, 64.60065"
"February 24th, 2016",NQV65BJC6FU,Neve Larsen,3436 Quis Ave,92471,"3.13052, -83.86994"
"May 11th, 2016",GSC84XUR3OJ,Wilma Talley,Ap #263-7432 Risus. St.,07903,"11.04523, -102.03959"
"February 18th, 2016",ZKM37WOQ7FQ,Idona Mayer,"5230 Elit, Avenue",23845,"87.93312, -0.40883"
"March 2nd, 2017",JCS41NMJ8PB,Deborah Wilson,644-3449 Nulla. Street,81430,"-42.76524, -14.4925"
"June 21st, 2016",LDC41MAB3HJ,Athena Pratt,"P.O. Box 434, 2001 Phasellus Road",7277,"-51.0595, 40.14729"
"June 25th, 2015",KFZ87FNG7WW,Blossom Chang,Ap #228-2661 Cursus Road,38625,"-80.10635, -27.45525"
"October 4th, 2015",EFU13ZOB3MD,Libby Gordon,131-9204 Tellus Rd.,UO3N 4QU,"-87.20121, 118.1952"
"March 11th, 2017",YHL30TMZ3AE,Anika Fry,"802-2187 Scelerisque, Rd.",11410,"28.67514, 59.82167"
"March 24th, 2016",RCC43KUF3GM,Ursa Greene,Ap #760-1917 In Avenue,65715,"10.34802, -178.99609"
"January 30th, 2016",VDU31FWK5CA,Rebecca Winters,Ap #820-7549 Nisi St.,6113IO,"-10.37545, 142.31766"
"June 30th, 2016",UFL10CJL0XU,Cameron Herman,"P.O. Box 832, 8831 Mauris Street",75910,"31.28215, -119.77282"
"July 18th, 2016",ZWX13FYO2UJ,Xyla Hall,"630-8879 In, St.",4286,"-28.35779, 12.23524"
"December 5th, 2015",FDA55LVC0CL,Melanie Jarvis,"P.O. Box 988, 1226 Adipiscing Rd.",7389,"-88.49919, -88.81896"
"October 16th, 2015",BJX16XHO1KD,Joelle Donaldson,715-181 Semper Ave,12051-941,"-67.89781, 149.07882"
"May 1st, 2015",MFZ24OLU3DX,Nomlanga Castillo,Ap #913-7013 Fermentum Avenue,9573,"17.61009, 124.21636"
"April 14th, 2016",ITP09UDR5DI,Lucy Schmidt,"P.O. Box 898, 4653 Sed Ave",4380,"84.48734, 78.84746"
"June 20th, 2016",ZNM65BKH5ZY,Stella Hayden,"Ap #935-7076 At, St.",J5E 2V2,"3.94111, -62.18387"
"September 29th, 2015",JQU67DYF4HB,Marcia Boyer,"P.O. Box 480, 1067 Vitae St.",1719,"10.13407, 80.90634"
"April 25th, 2015",QSJ02STG6PL,Yael Cruz,200-2243 Sed St.,H6 0DU,"-89.38432, -0.75856"
"November 11th, 2016",VTW22LLN0NP,Germaine Cleveland,Ap #564-6365 Quis Rd.,41903,"-48.82077, 73.67787"
"November 3rd, 2015",ZEN14OPP3GV,Rose Spears,5620 Eu Avenue,868485,"-42.05596, -170.52472"
"February 26th, 2017",JRR43MAE8NC,Elizabeth Britt,Ap #220-9470 Dolor. Av.,57-099,"63.54292, 134.55726"
"August 27th, 2015",WQB66GJF0QM,Madaline Leon,"Ap #440-8640 Felis, St.",QE4 6OL,"-8.23979, 118.39982"
"May 21st, 2016",AYN92VKS9IT,Keiko Rodriguez,980-7099 Fusce St.,0100,"-25.93682, 142.48368"
"December 27th, 2015",KTJ91RRD0MK,Charissa Padilla,382-1018 Ac Road,76693,"33.27775, 136.42874"
"March 31st, 2016",YDQ05XDC8QO,Victoria Kirk,1715 Vitae Road,48-669,"-15.26722, -90.00555"
"April 4th, 2016",ZQA74EOH5OF,Lareina Lowery,"777-3613 Enim, St.",21970,"-74.29155, 124.70143"
"July 26th, 2016",ZSV73ZWI2VT,Mikayla Christian,Ap #772-5953 Habitant Ave,94213,"-18.06178, 79.74664"
"November 24th, 2015",OVX73EFK5VC,Irma Moreno,339-7611 Sit Avenue,877606,"-14.2551, -156.45241"
"June 12th, 2016",KLH40LVB4JL,Violet Sherman,Ap #864-7987 Ornare Ave,93634,"2.98871, 51.66785"
"June 25th, 2015",OUJ50GQQ1ET,Abra Hubbard,900 Sociis Road,938383,"1.09951, 138.71452"
"June 11th, 2015",PUO91WSN2TA,Gloria Skinner,"P.O. Box 156, 1910 At Avenue",1102,"-1.03541, -153.76016"
"July 10th, 2016",PKQ13SLY1WC,Jemima Shaw,Ap #710-7396 Morbi Avenue,24906,"-4.59402, -111.90951"
"February 23rd, 2017",BLA15OHY2LO,Maggy Britt,"P.O. Box 804, 4548 Mattis. Rd.",P7H 1A9,"33.64362, -139.15769"
"September 26th, 2015",UNC66OBQ9YY,Quon Delacruz,792-3248 In Street,6218,"-89.57432, -82.52001"
"April 25th, 2015",VUM39AZI8ZY,Uma Myers,958-514 Velit Av.,41614,"28.00813, 101.09576"
"August 7th, 2015",MVA00BPV0TI,Jeanette Weber,631-915 Mauris Ave,2292,"77.34617, -105.62592"
